Type1,VintageNew,ProductName,GradeNew,UsageInstructions
Bordeaux,,,,
1955,"Château Latour 1955, 1er Cru Classé, Pauillac",A1,"Drink, no hurry - 11/03",
1961,"Château Gruaud-Larose 1961, 2me Cru Classé, St Julien",A1,Drink slowly - 2/99. Drink slowly - 7/03,
1961,"Château Latour 1961, 1er Cru Classé, Pauillac",A1,Keep - 5th review 7/99. Keep - 2/07.,
1961,"Château Margaux 1961, 1er Cru Classé, Margaux",A1,Drink slowly - 8/86. Drink slowly - 5/02,
1962,"Château Latour 1962, 1er Cru Classé, Pauillac",A,Drink slowly - 01/08/86  No hurry to drink-2/97. Drink - 2/07,
1962,"Château Margaux 1962, 1er Cru Classé, Margaux",A,Drink slowly - 01/11/83. Drink 5/02,
1970,"Château Palmer 1970, Magnums, 3me Cru Classé, Margaux",A1,Drink slowly - 11/83 (and at review 8/86),
1970,"Château Pétrus 1970, Cru Exceptionnel, Pomerol",A1,Drink slowly - 8/86. Drink - 11/03,
1975,"Château Cheval Blanc 1975, 1er Grand Cru Classé, St Emilion",A,Drink - 3/92 (4th review) Keep - 11/94 Drink - 11/03,
1975,"Château Cheval Blanc 1975, Magnums, 1er Grand Cru Classé, St Emilion",A,Drink - 2/92 (4th review) Keep - 11/94,
1975,"Château Margaux 1975, 1er Cru Classé, Margaux",A,No hurry to drink(11/94). Drink slowly - 2/99. Use - 5/17.,
1975,"Château Palmer 1975, 3me Cru Classé, Margaux",B,Drink - 2/94 (5th review) Drink sparingly - 11/99 (6th Review),
1978,"Château Pétrus 1978, Cru Exceptionnel, Pomerol",A1,Drink slowly -(1st Review)- 2/94,
1979,"Château Margaux 1979, 1er Cru Classé, Margaux",A1,Keep - 2/95 (5th review)  Keep (7th review). Keep or use as needed - 5/17.,
1981,"Château Beychevelle 1981, 4me Cru Classé, St Julien",B,Drink - 2/91,
1981,"Château Cheval Blanc 1981, 1er Grand Cru Classé, St Emilion",A,Keep - 5/98. Can be drunk - 7/03,
1982,"Château Beychevelle 1982, Magnums, 4me Cru Classé, St Julien",A,Drink -5/98,
1982,"Château Margaux 1982, 1er Cru Classé, Margaux",A1,Keep - 8/87 (1st review) Keep - 3/92) (2nd review ) Keep - 2/95 (3rd review) Keep - 5/02 (4th review)  Keep - 5/07. Use as appropriate - 5/17.,
1983,"Château Cheval Blanc 1983, 1er Grand Cru Classé, St Emilion",A1,Keep- 3rd Review(5/98),
1983,"Château Margaux 1983, 1er Cru Classé, Margaux",A1,Keep - 8/87 (1st review) Keep - 12/90 (2nd review) Keep - 2/95 (3rd review),
1985,"Château Brane-Cantenac 1985, Magnums, 2me Cru Classé, Cantenac-Margaux",B,Drink - 9/89 (1st review) Drink - 5/00 (2nd review),
1985,"Château Cheval Blanc 1985, 1er Grand Cru Classé, St Emilion",A1,Keep - 9/89 (1st review) Keep - 3/92 (2nd review) Keep - 2/95 (3rd review) Drink if needed - 2/01 (4th review),
1985,"Château Gruaud-Larose 1985, 2me Cru Classé, St Julien",A,Keep - 8/89 ) (1st review) ) Keep - 3/92 ) (2nd review) Keep - 2/00.  Keep 5/00 (3rd review),
1985,"Château Margaux 1985, 1er Cru Classé, Margaux",A1,Drink - 2/99,
1986,"Château Beychevelle 1986, 4me Cru Classé, St Julien",B,Keep - 7/94 Keep until 2000 (2nd review) -5/98. Drink by 2004 - 7/01 (3rd Review). No rush - 6/06,
1986,"Château Cheval Blanc 1986, 1er Grand Cru Classé, St Emilion",A1,Keep - 2/91 (1st review) Keep - 2/94 (2nd review) Keep 5/98(3rd Review) Keep 2/01 (4th review) Use 5/07,
1986,"Château Cos d’Estournel 1986, Magnums, 2me Cru Classé, St Estèphe",A,Keep - 2/91 (1st review) Keep - 2/94 (2nd review) Keep-5/98 3rd Review. Keep - 7/01. Keep - 12/04. Keep - 5/08,
1986,"Château Giscours 1986, 3me Cru Classé, Labarde-Margaux",B,Drink - 7/01,
1986,"Château Margaux 1986, 1er Cru Classé, Margaux",A1,Keep - 2/91Keep-11/95 Keep - 5/01. Keep or sell - 3/12,
1986,"Château Montrose 1986, 2me Cru Classé, St Estèphe",A,Keep - 2/91 (1st review) Keep - 2/94 (2nd review) Keep -5/97 (3rdReview). Keep - 7/01. Use if needed - 2/04,
1986,"Château Mouton Rothschild 1986, 1er Cru Classé, Pauillac",A1,Keep - 2/91 (1st review) Keep - 1/98 (2nd rev.) Keep - 7/01. Keep - 2/04 (3rd review) Keep - 8/09,
1986,"Château Pichon-Longueville Baron 1986, 2me Cru Classé, Pauillac",B,Keep - 2/91 (1st review) Keep -1/98 (2nd Rev.) Keep - 7/01. Can be used - 12/04 . Use - no rush - 8/09.,
1986,"Domaine de Chevalier 1986, Grand Cru Classé, Graves",B,Keep - 2/91 (1st review)  Keep -2/97 (2nd review) - Drink,
1986,"Le Pin 1986, Principal Growth, Pomerol",A1,Keep - 2/91 (1st review) Keep - 11/95(2nd rev.) Can be used sparingly - 2/01. Use or sell - 3/12,
1986,"Vieux Château Certan 1986, Magnums, Principal Growth, Pomerol",A,Keep - 2/94 (2nd review),
1988,Château Belair 1988,B,Keep - 9/98 (1st Review) Drink - 2/02 (2nd review). Drink up - 6/06. Use - 2/10,
1988,"Château La Lagune 1988, 3me Cru Classé, Ludon (Haut Médoc)",B,Drink for variety - 9/98. Keep - release in 2004 - 2/02. Drink - 6/06,
1988,"Château Lafite Rothschild 1988, 1er Cru Classé, Pauillac",A1,Keep - 5/93 (1st review Keep - 9/98 (2nd Review) Keep - 2/02 (3rd review) Keep - 3/06. Keep - 2/10. Keep - 7/15,
1988,"Château Lynch Bages 1988, 5me Cru Classé, Pauillac",B,Keep - 5/93 (1st review) Keep - 9/98 (2nd review) Keep - 11/02 (3rd review) Use - 6/06. Drink - 2/10,
1988,"Château Margaux 1988, 1er Cru Classé, Margaux",A1,Keep - 5/93 (1st review) Keep - 9/98 (2nd review) Keep (3rd review) Keep - 6/06 (4th review). Keep - 2/10 (5th review). Use or keep - 7/15,
1988,"Château Mouton-Rothschild 1988, 1er Cru Classé, Pauillac",A,Keep - 5/93 (1st review) Keep - 9/98 (2nd review) Keep - 2/02 (3rd review) Keep - 6/06 (4th review). Keep - 2/10 (5th review),
1988,"Château Pichon-Longueville Baron 1988, 2me Cru Classé, Pauillac",B,Keep - 5/93 (1st review) Keep - 9/98 (2nd review) Keep - 2/02 (3rd review) Drink - 3/06 (4th review) Keep - 12/09. Use - no hurry - 2/10,
1988,"Château Rauzan-Ségla 1988, 2me Cru Classé, Margaux",B,Keep - 11/00 (3rd review) Keep - 2/02 (4th review). Keep - 6/06. Keep - 12/09,
1988,"Château Troplong Mondot 1988, St Emilion",C,Keep - 9/98 (1st review) Drink - 11/02 (2nd review) Drink or keep - 6/06. Drink - 2/10,
1988,"Vieux Château Certan 1988, Cru Exceptionnel, Pomerol",B,Drink Soon - 9/98,
1989,"Château Angélus 1989, Grand Cru Classé, St Emilion",B,Keep - 2/94 (1st review) Keep -11/98(2nd review) Drink slowly - 2/02. Drink - 10/05. Drink up - 2/10,
1989,"Château Cos d’Estournel 1989, 2me Cru Classé, St Estèphe",A,Keep - 2/94 (1st review) Keep -11/98(2nd review). Keep  - 10/05. Will keep - 2/10,
1989,"Château Haut Brion 1989, 1er Cru Classé, Graves",A1,Keep - 2/94 (1st review) Keep - 11/99 (2nd review) Keep - 2/02 (3rd review) Keep - 10/05. Keep - 10/08. Keep - 2/10.,
1989,"Château Léoville Lascases 1989, 2me Cru Classé, St Julien",A,Keep - 2/94 (1st review)Keep 11/98(2nd review). Keep - 10/05. Keep - 2/10,
1989,"Château Mouton Rothschild 1989, 1er Cru Classé, Pauillac",A1,Keep - 2/94 (1st review) Keep -11/98(2nd review) Keep - 2/02 (3rd review) Keep - 10/05 (4th review). Keep - 10/08. Keep or use as needed - 2/10 (5th review).,
1990,"Château Beychevelle 1990, 4me Cru Classé, St Julien",B,Keep - 11/98 Drink - 2/02,
1990,"Château Brane-Cantenac 1990, 2me Cru Classé, Cantenac-Margaux",B,Keep - 2/95 (1st review) Keep -11/98(2nd review). Drink - 9/05,
1990,"Château Calon-Ségur 1990, 3me Cru Classé, St Estèphe",B,Keep - 2/95 (1st review) Keep-11/98(2nd Review) Drink slowly - 7/02 (3rd review),
1990,"Château Canon 1990,  (Magnums) 1er Grand Cru Classé, St Emilion",B,Keep - 2/95 (1st review) Keep - 7/02 (2nd review),
1990,"Château Canon 1990, 1er Grand Cru Classé, St Emilion",B,Keep - 2/95 (1st review) Keep -11/98(2nd review) Drink - 7/02. Confirmed drink - 9/05,
1990,"Château Cos d’Estournel 1990, 2me Cru Classé, St Estèphe",A,Keep - 2/95 (1st review) Keep -11/98(2nd review) Keep - 7/02. Keep - 9/05. Keep - 6/11,
1990,"Château Grand-Puy-Lacoste 1990, 5me Cru Classé, Pauillac",B,Keep - 2/95.  Keep- 11/98. Keep - 7/02 (3rd review) Keep - 3/05. Use - 6/11,
1990,"Château Lafite Rothschild 1990, 1er Cru Classé, Pauillac",A1,Keep - 2/95 (1st review) Keep - 11/98(2nd review) Keep - 7/02 (3rd review) Keep - 9/05,
1990,"Château Langoa Barton 1990, 3me Cru Classé, St Julien",B,Keep - 2/95 (1st review) Keep - 11/98 (2nd review) Keep - 7/02 (3rd review) Drink (10/06). Can be drunk but no hurry - 12/11.,
1990,"Château Latour 1990, 1er Cru Classé, Pauillac",A1,Keep - 2/95 (1st review) Keep 11/98(2nd review) Keep - 7/02 (3rd review) Keep - 9/05. Keep - 10/16.,
1990,"Château Léoville Barton 1990, 2me Cru Classé, St Julien",A,Keep - 2/95 (1st review) Keep-11/98(2nd Review) Keep - 7/02 Keep - 10/06 (3rd review). Keep - 12/11.,
1990,"Château Léoville Poyferré 1990, 2me Cru Classé, St Julien",A,Keep - 2/95 (1st review) Keep- 11/98(2nd review) Keep - 7/02 (3rd review) Keep - 3/05. Can be used - 6/11,
1990,"Château Lynch Bages 1990, 5me Cru Classé, Pauillac",A,Keep - 2/95 (1st review) Keep -11/98(2nd review) Keep - 7/02 (3rd review) Keep - 9/05 (4th review),
1990,"Château Lynch Bages, (Magnums) 1990, 5me Cru Classé, Pauillac",A,Keep - 2/95 (1st review) Keep -11/98 (2nd review) Release from 2005 - 7/02 (3rd review),
1990,"Château Margaux 1990, 1er Cru Classé, Margaux",A1,Keep - 2/95 (1st review) Keep -11/98 (2nd review) Keep - 7/02. Keep - 9/05 (4th review),
1990,"Château Mouton-Rothschild 1990, 1er Cru Classé, Pauillac",A1,Keep - 2/95 (1st review) Keep 11/98(2nd review) Keep - 7/02 (3rd review) Keep - 9/05,
1990,"Château Pichon-Longueville Baron 1990, 2me Cru Classé, Pauillac",A1,Keep - 2/95 (1st review) Keep - 11/98(2nd review) Keep 7/-2 (3rd review) Keep - 9/05 (4th review). Keep - 3/14,
1990,"Château Pichon-Longueville, Comtesse de Lalande 1990, 2me Cru Classé, Pauillac",A1,Keep - 2/95 (1st review) Keep -11/98(2nd review) Drink from 05 if required - 2/02. Keep - 7/02. Keep - 3/05. Release - 3/14,
1990,Château Sénéjac 1990,B,Release 2000 -11/98. Drink - 7/02. Drink - 9/05,
1990,"Château Talbot 1990, 4me Cru Classé, St Julien",B,Keep - 2/95 (1st review) Keep- 11/98(2nd Review) Drink - 7/02. Confirmed drink - 10/06. Use up - 12/11,
1990,"Château Trotanoy 1990, Grand Cru Classé, Pomerol",A1,Keep - 2/95 (1st review) Keep -11/98(2nd review) Keep - 11/01 (3rd review) Keep -7/02. Keep - 3/14,
1990,Domaine de Chevalier 1990,B,Keep - 2/95 (1st review) Keep -11/98(2nd review) Keep - 2/02 (3rd review) Keep - 7/02. Drink - 9/05,
1993,Château Le Tetre-Rôteboeuf 1993,B,Can be drunk if needed - 2nd review - 7/02. Drink - 9/05.  Drink or sell - 6/11,
1994,"Château d'Angludet 1994, Margaux",C,Drink - 7/02. Drink to 2010 - 9/05. Confirmed drink - 7/08. Will keep - 6/11. Drink up - 3/15,
1994,"Château Grand-Puy-Lacoste 1994, Pauillac",B,Keep and review in 2005 - 7/02. Keep - 9/05. Use - 6/11. Use - 3/15.,
1994,Chateau La Grave à Pomerol (Trigant de Boisset) 1994,C,Drink - 7/02. Drink up - 9/05. Drink - 6/11. Drink up - 3/15,
1994,Château Latour à Pomerol 1994,A,Keep and review in 2005 - 7/02. Keep - 9/05 Keep or release - 7/08. Use - 6/11. Keep - 3/15.,
1994,"Château Léoville Barton, St Julien 1994",B,Keep and review in 2005 - 7/02. Keep - 9/05. Keep - 7/08. Keep - 6/11. Keep - 3/15.,
1994,"Château Lynch-Bages 1994, 5me Cru Classé, Pauillac",B,Keep and review in 2005 - 7/02. Keep and review in 2008 - 9/05. Keep - 7/08. Keep - 6/11. Consider selling - 3/15.,
1994,"Château Magdelaine 1994, 1er Grand Cru, St Emilion",B,Drink or keep till 07 - 9/05. Drink up - 7/08. Drink or keep - 6/11. Keep - 3/15.,
1994,"Château Rauzan-Ségla 1994, 2me Cru Classé, Margaux",B,Keep and review in 2007 - 9/05. Keep - 7/08. Will keep - 6/11. Ready - consider for sale - 3/15.,
1995,"Chateau Brane-Cantenac 1995, 2me Cru, Margaux",B,Keep - 5/03 (1st review). Drink slowly - 10/10. Use - 3/14. Can be used - 2/17,
1995,"Château Clerc Milon 1995, Pauillac",B,Keep - 5/03 (1st review). Keep - 10/10. Keep - 3/14. Keep - 2/17.,
1995,"Château Durfort Vivens 1995, 2me Cru, Margaux",B,Keep - 5/03 (1st review). Keep - 10/10 (3rd review). Keep - 3/14. Use if needed - 2/17.,
1995,"Chateau Grand Mayne 1995, Grand Cru Classé, Saint Emilion",B,Keep - 5/03 (1st review). Drink - 10/07 . Drink - 10/10. Confirmed drink - 3/14. Use - 2/17,
1995,"Château La Dominique 1995, Grand Cru Classé, Saint Emilion",B,"Keep - 5/03 (1st review). Release as needed - 10/07. Drink - 10/10. No rush, keep - 3/14. Use - 2/17.",
1995,Château La Fleur Pétrus 1995,A,Keep - 5/03 (1st review). Keep - 10/10 (3rd review). Keep - 3/14 (4th review). Keep - 2/17.,
1995,"Château La Lagune 1995, 3ème Cru Ludon, Medoc",B,Keep - 5/03 (1st Review). Keep or use - 3/14. Use - 2/17,
1995,"Château Lagrange 1995, 3ème Cru Classé, St Julien",B,Keep - 5/03 (1st review). Drink or keep - 10/10. Use - 3/14. Use - 2/17.,
1995,"Château Langoa Barton 1995, 3me Cru Classé, St Julien",B,Keep - 5/03 (1st review). Keep or sell - 10/10.  Sell - 3/14. Sell - 2/17.,
1995,Château Latour à Pomerol 1995,B,Keep - 5/03 (1st review) . Keep - 10/10. Keep - 3/14,
1995,Château Tour Haut Caussan 1995,C,Drink - 5/03,
1995,"Domaine de Chevalier, 1995 Grand Cru Classé, Graves",B,Keep - 5/03 (1st review). Keep - 10/10. Keep - 3/14,
1996,"Château Batailley 1996, 5ème Cru Pauillac",B,Keep - 5/04 (1st review). Use - 2/11. Can use - 3/14.,
1996,"Château Beaumont 1996, Cru Bourgeois Haut Médoc",C,Drink - 5/04. Drink up - 10/07. Drink - 2/11,
1996,"Château Cheval Blanc 1996, 1er Grand Cru St Emilion",A,Keep / release v slowly - 5/04 (1st review). Keep - 10/07. Keep or sell - 2/11. Keep - 3/14,
1996,"Château Duhart Milon Rothschild 1996, 5ème Cru Classé, Pauillac",B,"Keep - 5/04 (1st review) Use, but no hurry - 2/11. Keep - 3/14",
1996,"Château Gruaud Larose 1996, 2ème Cru Classé, Saint Julien",B,Keep - 5/04 (1st review) Keep - 10/07 (2nd review). Keep - 2/11. Keep - 3/14,
1996,"Château Haut-Brion 1996, Pessac-Léognan",A,Keep - 5/04 (1st review). Keep - 10/07. Keep - 2/11. Keep - 3/14 (4th review).,
1996,"Château La Lagune 1996, 3ème Cru, Haut Médoc",B,Keep - 5/04. Use - 10/07. Use - 2/11. Use - 3/14.,
1996,"Château La Lagune 1996, Magnums, 3ème Cru, Haut Médoc",B,Use - 2/11,
1996,"Château Léoville Poyferré 1996, 5ème Cru, St Julien",B,Keep - 5/04 (1st review). Keep - 2/11 (3rd review). Keep - 3/14.,
1996,"Château Phélan Ségur, Cru Bourgeois, St Estèphe 1996",B,Keep - 5/04. Keep - 10/07. Keep - 2/11. Use - 3/14,
1996,"Château Talbot 1996, 4ème Cru Classé, St Julien",B,Keep - 5/04 (1st review) . Keep - 10/07. Keep - 2/11 (3rd review). Keep - 3/14,
1998,"Château Beauséjour- Duffau-Lagarrosse 1998, 1er Grand Cru Classé, St-Emilion",B,Keep - 7/04. Release - 2/08. Keep - 3/14,
1998,Château Lafite Rothschild 1998,A1,Keep - 7/04 (1st review). Keep - 2/08 [2nd review],
1998,"Château Langoa Barton 1998, 3me Cru Classé, St Julien",B,Keep - 7/04. Keep - 2/08. Keep - 3/14 (3rd review),
1998,"Château Latour 1998 Magnums, 1er Cru Classé, Pauillac",A1,Keep - 2/08,
1998,"Château Latour 1998, 1er Cru Classé, Pauillac",A1,Keep - 7/04. Keep - 2/08 [2nd review],
1998,Château Latour à Pomerol 1998,B,Keep - 7/04. Keep - 2/08 (2nd review). Keep - 3/14.,
1998,"Château Lynch Bages 1998, 5eme Cru Classé, Pauillac",B,Keep - 7/04. Can be released - 2/08. Use - 3/14.,
1998,"Château Margaux 1998, 1er Cru Classé, Margaux",A1,Keep - 7/04. Keep - 2/08 [2nd review],
1998,Château Trotanoy 1998,A1,Keep - 7/04. Keep - 2/08 [2nd review]. Keep - 3/14 (3rd review).,
1998,"Couvent des Jacobins 1998, Grand Cru St Emilion",B,Keep - 1st review 7/04. Release - 2/08. Keep or use - 3/14,
2000,"Château Cambon La Pelouse 2000, Haut Médoc",C,"Use, no hurry - 2/08 [1st review]. Use - 3/13 [2nd review]",
2000,"Château de Fonbel 2000, Grand Cru St Emilion, (Alain Vauthier)",B,Keep or release as needed - 2/08 [1st review].  Use up to 2018 - 3/13 [2nd review],
2000,"Château Feytit-Clinet 2000, Pomerol (Magnums)",B,Can be used - 3/13.,
2000,"Château Gruaud-Larose 2000, 2eme Cru Classé, St Julien",B,Keep - 2/08 [1st review]. Keep and review in 2019 - 10/16.,
2000,"Château Guillot 2000, Pomerol",B,Drink or keep - 2/08 [1st review] Drink or keep - 3/13 [2nd review],
2000,"Château La Fleur Pétrus 2000, Pomerol",A,Keep - 2/08 [1st review]. Keep - 3/13 [2nd review]. Keep and review in 2019 - 10/16.,
2000,"Château Latour à Pomerol 2000, Pomerol",A,Keep - 2/08 [1st review]. Keep - 3/13 [2nd review],
2000,"Château Lynch-Bages 2000, 5ème Cru Classé, Pauillac",A,Keep - 2/08 [1st review]. Keep and review in 2016 - 3/13 [2nd review] Keep and review in 2019 - 10/16.,
2000,"Château Pichon-Longueville Comtesse de Lalande 2000, Pauillac",A,Keep - 2/08 [1st review]. Keep - 3/13 [2nd review]. Keep and review in 2019 - 10/16,
2000,"Château Talbot 2000, 4eme Cru Classé, St Julien",B,Keep and review in 3yrs - 2/08 [1st review]. Keep and review in 2016 - 3/13 [2nd review].,
2001,"Château Haut Brion 2001, 1er Cru Graves",A,Keep - 2/10. Keep - 3/15.,
2001,"Château La Fleur Pétrus 2001, Pomerol",A,No rush - keep or release - 2/10 (1st review). Keep - 11/14.,
2001,"Château La Grave à Pomerol 2001, Pomerol",B,Release - can be used now - 2/10. Use or keep - 3/15,
2001,"Château La Lagune 2001, 3ème Cru Ludon, Médoc",B,Keep or release if needed - 2/10. Use - 3/15.,
2001,"Château La Mission Haut-Brion 2001, Cru Classé, Pessac-Leognan",A,Keep - 2/10. Keep - 11/14,
2001,"Château Latour à Pomerol 2001, Pomerol",B,Keep or release - 2/10 (1st review). Keep - 3/15.,
2001,"Château Léoville-Poyferré 2001, 2ème Cru St Julien",B,Keep - 2/10 (1st review). Keep - 3/15.,
2001,"Château Montrose 2001, 2ème Cru St Estèphe",B,Keep - 2/10 (1st review). Keep or sell - 3/15.,
2001,"Château Mouton Rothschild 2001, 1er Cru Pauillac",A,Keep - 2/10. Keep or sell - 3/15.,
2001,"Château Pichon-Longueville Baron 2001, 2me Cru Classé, Pauillac",B,Keep - 2/10 (1st review). Keep - 3/15.,
2001,"Château Pichon-Longueville Comtesse de Lalande 2001, 2ème Cru Classé, Pauillac",A,Keep - 2/10. Keep - 11/14.,
2001,"Château Pontet Canet 2001, 5ème Cru Pauillac",B,Keep - 2/10 (1st review). Keep - 3/15.,
2003,"Château Bahans Haut-Brion 2003, Pessac-Léognan, Graves",B,Keep - 2/10 (1st review). Keep - 3/15,
2003,"Château Beauséjour Duffau-Lagarosse 2003, 1er Grand Cru, St Emilion",B,Keep - 2/10. Use slowly - 3/15.,
2003,"Château d'Armailhac 2003, 5ème Cru, Pauillac",B,Keep - 2/10. Keep - 3/15.,
2003,"Château Haut Bailly 2003, Grand Cru Classé, Graves",B,Keep - 2/10. Keep - 3/15. ,
2003,"Château La Lagune 2003, 3ème Cru Classé, Ludon",B,Keep or release - 2/10 (1st review). Keep - 3/15.,
2003,"Château La Mission Haut-Brion 2003, Cru Classé, Pessac-Léognan",A,Keep - 2/10 (1st review). Keep - 3/15.,
2003,"Château Les Grands Chênes 2003, Médoc",B,Keep - 2/10. Use - 3/15.,
2003,"Château Lynch Bages 2003, 5ème Cru, Pauillac",B,Keep - 2/10 (1st review). Keep - 3/15.,
2003,"Château Plince 2003, Cru Classé, Pomerol",B,Keep or release in 2012 - 2/10. Drink - 3/15.,
2003,"Château Rausan-Ségla 2003, 2ème Cru, Margaux",B,Keep - 2/10 (1st review). Keep or use - 3/15.,
2003,"Pavillon Rouge du Château Margaux 2003, Margaux",B,Keep - 2/10 (1st review). Keep - 3/15,
2004,"Château d'Angludet 2004, Margaux",B,Keep or drink - 10/12. Keep - 3/15.,
2004,"Château Gazin 2004, Pomerol",B,Keep - 10/12. Keep or use - 3/15.,
2004,"Château Grand Puy Lacoste 2004, 5ème Cru Classé, Pauillac",B,Keep and check - bottle variation - 10/12. Keep - 3/15.,
2004,"Château Gruaud-Larose 2004, 2ème Cru Classé, St Julien",B,Keep - 10/12. Keep - 3/15.,
2004,"Château La Conseillante 2004, Pomerol",A,Keep - 10/12. Keep - 3/15.,
2004,"Château La Mission-Haut-Brion 2004, Pessac-Léognan",A,Keep - 10/12. Keep - 3/15.,
2004,"Château Lynch Bages 2004, 5ème Cru Classé, Pauillac",B,Keep - 10/12. Keep - 3/15.,
2004,"Château Pichon-Longueville, Comtesse de Lalande 2004, 2ème Cru Classé, Pauillac",A,Keep - 10/12. Keep - 3/15.,
2004,"Château Talbot 2004, 4ème Cru Classé, Saint Julien",B,Keep - 10/12. Keep - 3/15.,
2004,"Clos Fourtet 2004 1er Grand Cru Classé, St Emilion",B,Keep - 10/12. Keep - 3/15.,
2004,"Domaine de Chevalier 2004, Grand Cru Classé, Pessac-Léognan",B,Keep - 10/12. Keep - 3/15.,
2004,"Vieux Château Certan 2004, Pomerol",A,Keep - 10/12. Keep - 3/15.,
2005,"Château Belgrave 2005, 5ème Cru Classé, Haut-Médoc",B,Keep - 10/12,
2005,"Château Brane-Cantenac 2005, 2ème Cru Classé, Cantenac-Margaux",B,Keep - 10/12,
2005,"Château Gruaud-Larose 2005, 2ème Cru Classé, St Julien",B,Keep - 10/12,
2005,"Château Lagrange 2005, Cru Classé, Pomerol",B,Keep - 10/12,
2005,"Château Léoville-Barton 2005, 2ème Cru Classé St Julien",B,Keep - 10/12,
2005,"Château Lynch Bages 2005, 5ème Cru Classé, Pauillac",B,Keep - 10/12,
2005,"Château Pichon-Longueville Baron 2005, 2ème Cru Classé, Pauillac",A,Keep - 10/12,
2005,"Château Talbot 2005, 4ème Cru Classé, St Julien",B,Keep - 10/12,
2005,"Domaine de Chevalier 2005, Cru Classé, Pessac-Léognan",B,Keep - 10/12,
2005,"Vieux Château Certan 2005, 1er Grand Cru Classé, Pomerol",A,Keep - 10/12,
2006,"Château Brane-Cantenac 2006, 2ème Cru Classé, Margaux",B,Keep - 10/12,
2006,"Château Cos d'Estournel 2006, 2ème Cru Classé, St Estèphe",B,Keep - 10/12,
2006,"Château Gazin 2006, Pomerol",B,Keep - 10/12,
2006,"Château Grand-Puy-Lacoste 2006, 5ème Cru Classé, Pauillac",B,Keep - 10/12,
2006,"Château Pichon-Longueville Baron 2006, 2ème Cru Classé, Pauillac",B,Keep - 10/12,
2006,"Château Pichon-Longueville Comtesse de Lalande 2006, 2ème Cru Classé, Pauillac",A,Keep - 10/12,
2006,"Château Rauzan-Ségla 2006, 2ème Cru Classé, Margaux",B,Keep - 10/12,
2006,"Château St Pierre 2006, 4ème Cru Classé, St Julien",B,Keep - 10/12,
2009,"Château Grand Puy Lacoste 2009, 5ème Cru Classé, Pauillac",B,,
2009,"Château Haut-Batailley 2009, 5ème Cru Classé, Pauillac",B,,
2009,"Château Lascombes 2009, 2ème Cru Classé, Margaux",B,,
2009,"Château Lynch-Moussas 2009, 5ème Cru Classé, Pauillac",B,,
2009,"Château Talbot 2009, 4ème Cru Classé, St Julien",B,,
2010,"Roc de Cambes 2010, Côtes de Bourg",B,,
Rhône,,,,
1985,"Cornas 1985, Guy de Barjac",B,Drink - 5/94 (2nd review) Drink - 5/00 (3rd review). Drink - 10/10.,
1985,"Côte-Rôtie 1985, Domaine Emile Champet",B,Drink  Drink - 5/00. Use - 6/05,
1986,"Côte-Rôtie 1986, Domaine Burgaud",B,Keep - 5/00.  Drink - 7/04,
1986,"Hermitage 1986, Domaine des Remizières, (Desmeure Père et fils)",B,Drink - 5/94 (2nd review) Drink - 5/00 (3rd review) Drink up - 10/10,
1987,"Hermitage 1987, Jean-Louis Chave",B,"Keep - 2/92 (1st review) Drink - 11/96(2nd rev.) Drink - 7/01 
Drink - 10/10.",
1988,"Côte-Rôtie 1988, Côte Brune et Blonde, P Gaillard",B,Drink,
1988,"Hermitage 1988,, Bernard Faurie",A,Drink. Use up - 6/05,
1990,"Hermitage la Chapelle, 1990, Paul Jaboulet, Aîné",A1,Keep - 11/95 (1st review) Keep - 5/00 (2nd review) Keep - 7/04 (3rd review)  Keep - 5/06 (4th review) Keep or use sparingly - 5/09,
1995,"Crozes Hermitage La Petite Ruche, Chapoutier 1995",B,Keep - 5/02. Keep - 5/06. Can be used - 5/09,
1998,"Châteauneuf du Pape, Clos des Papes 1998",B,Keep - 5/02. Drink - 5/06. Use - 5/09,
1998,"Côte Rôtie 1998, Robert & Patrick Jasmin",A,Keep - 5/02. Keep - 5/09. Use - 11/13.,
1998,"Côtes du Rhône - Villages 1998, Cuvée Nôtre Dame de Cellettes (Domaine Sainte Anne)",B,Keep and review in 2004 - 5/02. Drink - 5/06. Drink - 5/09,
1998,"Côtes du Rhône 1998, Coudoulet de Beaucastel",C,Drink - 5/02. Drink - 5/09. Use or dispose - 5/18,
1998,"Gigondas 1998, Chateau du Trignon",B,Keep and release in 2004 - 5/02. Release as needed - 5/06. Use as required - 5/09. Use up - 5/18.,
1998,"Gigondas 1998, Domaines Perrin",B,Keep - 5/02. Drink - 5/06. Keep - 5/09. Drink - 11/13. Use up - 5/18.,
2007,"Châteauneuf du Pape 2007, Domaine des Sénéchaux (Jean-Michel Cazes)",B,Keep - 1/16,
2007,"Châteauneuf-du-Pape Chante Le Merle 2007, Bosquet des Papes",B,Keep - 1/16,
2007,"Côte-Rôtie 2007, Domaine Jean-Michel Stephan",A,Keep - 1/16,
2007,Gigondas Pierre Aiguille 2007 (Paul Jaboulet Aîné),B,,
Burgundy (Red),,,,
1961,"Corton 1961, Grand Cru, Côte de Beaune, Bouchard Père et Fils",A,Consensus view drink slowly - 7/81. Use with caution - 7/07,
1985,"Morey-St-Denis 1985, Côte de Nuits, Vienot",C,Drink - 2/92,
1988,"Echézeaux 1988, Côte de, Nuits, Domaine Dujac",A,Keep - 5/94 (1st review) Keep - 7/97 (2nd Review) Drink - 5/00. Keep - 7/03. Drink - 7/07,
1988,"Savigny-lès-Beaune les Lavières 1988, Côte de Beaune, Chandon de Briailles",B,Keep - 5/94 (1st review) Keep - 7/97 (2nd review) Release 7/03 (3rd review). Use up - 7/07,
1990,"Corton Bressandes 1990, Grand Cru, Côte de Beaune, Chandon de Briailles",A1,Keep - 11/95. Keep -2/99. Keep - 7/02 (3rd review)  Drink - 9/05,
1990,"Echézeaux Grand Cru 1990, Côte de Nuits, Domaine de la Romanée-Conti",A1,Keep - 11/95 (1st review) Keep 11/98. Keep - 5/03,
1990,"Vosne Romanée 1990, Côte de Nuits, Champy Père et Cie",B,Drink - 2/99 Drink - 7/03,
1993,Gevrey Chambertin Clos Prieur 1993 Domaine Thierry Mortet,B,Drink - 2/99. Drink - 7/03. Drink - 7/10.,
1993,"Savigny Les Beaune Aux Guettes 1993, Dom. Pavelot",B,Drink - 2/99,
1995,"Clos de Vougeot Grand Cru 1995, Domaine Drouhin-Laroze",B,Keep - 2/99(1st Review). Keep - 7/03. Keep - 7/10. Release - 6/16,
1995,Mazy Chambertin 1995  (Domaine Armand Rousseau),B,Keep 2/99 (1st Review). Drink - 7/03 (2nd review). Use - 7/10.,
1995,"Pommard 1er Cru Grand Clos Des Epenots 1995, Dom. de Courcel",B,Keep - 2/99(1st review). Can be released - 7/03. Drink now - 7/10.  Can be used - 6/16.,
1996,"Beaune 1er Cru Montrevenots 1996, Domaine Jean-Marc Boillot",C,Keep - 7/03. Release wfr in 2008 - 6/06. Use up - 7/10,
1996,"Chambolle Musigny 1996, Joseph Drouhin",C,"Release in 2005. Drink - 6/06. Ready, use - 7/10. Use up now - 6/16.",
1996,"Clos de Vougeot 1996, Joseph Drouhin, Côte de Nuits",A,Keep - 7/03. Keep - 6/06 (2nd review). Can bekept or used - 5/10. Keep and review in 2019 - 6/16,
1996,"Corton Clos du Roi 1996, Grand Cru, Domaine Chandon de Briailles",A,Keep - 7/03. Keep - 6/06. Keep or use - 5/10,
1996,Echézeaux Grand Cru (Champy) 1996,B,Keep - 7/03. Keep - 6/06. Use - 5/10. Use - 6/16.,
1996,"Nuits-St-Georges 1er Cru Clos des Forets de St-Georges 1996, Domaine de L'Arlot",B,Keep - 7/03. Keep and review - 6/06. Use - 7/10. Can be used - 6/16,
1996,"Pommard 1er Cru Grand Clos des Epenots 1996, Domaine de Courcel",B,Keep - 7/03 (1st review). Keep - 6/06. Can be used - 7/10. Use - 6/16.,
1996,"Savigny Les Lavières 1996, 1er Cru, Tollot- Beaut",C,Drink - 7/03. Drink up - 6/06 Use - 7/10. Use now - 6/16,
1999,Aloxe Corton 1999 1er Cru Clos du Chapitre,C,Keep and release in 2008 - 6/05. Drink by 2012 - 10/08. Use up - 2/11. Use - 3/14.,
1999,Aloxe-Corton 1er Cru Les Fournières (Domaine Tollot-Beaut) 1999,B,Drink as needed - 6/05. No rush. Release and drink to 2013 - 10/08. Use - 2/11. Use - 3/14.,
1999,"Clos de Vougeot 1999, Grand Cru, Domaine Hudelot-Noellat",A,Keep - 6/05. Keep - 10/08. Keep - 2/11. Keep - 3/14,
1999,"Le Corton Grand Cru 1999, Domaine Bouchard Père et Fils",B,Keep - 6/05. Keep - 10/08. Keep - 2/11. Keep or use - 3/14,
1999,Nuits-Saint-Georges 1er Cru Les Pruliers 1999 (Robert Chevillon),A,Keep - 6/05. Keep or use - 2/11.  Keep and review in 2017 -3/14.,
1999,"Pommard 1er Cru Clos des Epeneaux 1999, Domaine Comte Armand",B,Keep - 6/05. Keep - 10/08. Keep - 2/11. Keep - 3/14.,
1999,"Savigny les Beaune, 1er Cru, Les Lavières 1999 (Domaine Chandon de Briailles)",C,Drink - 6/05. Release and drink - 10/08. Drink - 2/11. Release and drink - 3/14,
1999,Volnay 1er Cru Clos de la Barre 1999 (Louis Jadot),B,Keep - 6/05. Release and drink by 2012 - 10/08. No hurry - release or keep - 2/11.  Use - 3/14.,
1999,"Volnay Caillerets 1er Cru 1999, Ancienne Cuvée Carnot (Dom. Bouchard Père et fils)",B,Keep - 6/05. Keep - 10/08. Keep - 2/11. Keep - 3/14,
1999,"Vosne Romanée 1999 1er Cru Les Malconsorts, Domaine Hudelot-Noellat",A,Keep - 6/05. Keep - 10/08. Keep - 2/11. Use - 3/14,
2002,Beaune Clos des Mouches 2002,B,Keep - 10/08. Keep - 2/11. Keep - 3/14. Use if needed - 5/18,
2002,"Chassagne-Montrachet 1er Cru Clos du Château 2002, Château de la Maltroye",C,Use up - 10/08. Confirmed use - 2/11. Use up - 3/14. Use - 5/18,
2002,Latricières Chambertin Grand Cru 2002 (Domaine Nicolas Potel),A,Keep - 10/08. Keep - 2/11. Keep - 3/14. Use - 2/17. Keep - 5/18,
2002,"Latricières-Chambertin Grand Cru 2002, Drouhin Laroze",A,Keep - 10/08. Keep - 2/11. Keep - 3/14. Use - 2/17. Keep - 5/18,
2002,"Nuits-St-Georges 1er Cru aux Perdrix 2002, Domaine de Perdrix",B,Keep - 10/08. Keep - 2/11. Release - 3/14. Sell - 5/18,
2002,"Nuits-St-Georges 1er Cru Clos des Fôrets Saint Georges 2002, Domaine de L'Arlot",B,Keep - 10/08. Keep - 2/11. Keep - 3/14. Keep - 5/18,
2002,"Nuits-St-Georges 1er Cru Les Boudots 2002, Louis Jadot",B,Keep - 10/08. Keep - 2/11. Use from 2016 - 3/14. Keep - 5/18,
2002,"Vosne Romanée 2002, Domaine Michel Gros",B,Drink up - 10/08. Use - 2/11. Use - 3/14. Can be used - 5/18.,
2002,"Vosne Romanée Les Malconsorts 2002, (Domaine Nicolas Potel)",B,Keep - 10/08. Release - 2/11. Can be used 3/14. Keep - 5/18,
2003,Clos de la Roche Grand Cru 2003 (Domaine David Duband),B,Keep - 10/08. Keep - 10/12. Use - 11/17.,
2003,Clos de Vougeot Grand Cru 2003 (Domaine René Engel),A,Keep - 10/08. Keep - 10/12. Use or keep - 11/17.,
2003,Corton Les Grandes Lolières 2003 (Domaine Bertagna),B,Keep - 10/08. Keep - 10/12.  Use - 11/17,
2003,Corton Pougets Grand Cru 2003 (Louis Jadot),B,Keep - 10/08. Keep or use slowly - 7/14,
2003,Gevrey-Chambertin Clos du Fonteny 2003 (Domaine Bruno Clair),B,Keep - 10/08. Use or sell - 7/14,
2003,Nuits-St-Georges 1er Cru Les Damodes 2003 (Domaine Jean Chauvenet),B,Keep - 10/08,
2003,Nuits-St-Georges 1er Cru Les Saint Georges 2003 (Domaine Thibault Liget-Belair),B,Keep - 10/08. Release and use - 7/14,
2005,Gevrey Chambertin 1er Cru Au Closeau 2005 (Drouhin-Laroze),B,Keep - 1/16,
2005,Gevrey Chambertin Clos Prieur 2005 (Domaine Roy),B,Keep - 1/16,
2005,Morey-St-Denis 1er Cru Les Millandes 2005 (Domaine Pierre Amiot et fils),B,Keep - 1/16,
2005,Nuits-St-Georges 1er Cru Les Vignes Rondes 2005 (Confuron Coteditot),B,Keep - 1/16,
2005,Nuits-St-Georges Clos des Grandes Vignes 2005 (Montille),B,Keep - 1/16,
2005,Nuits-St-Geroges 1er Cru Les Damodes 2005 (Chauvenet),B,Keep - 1/16,
2005,Pommard Les Petits Noizons 2005 (Domaine de la Vougeraie),B,Keep - 1/16,
2005,"Volnay Cailleret 1er Cru 2005, Domaine Nicolas Rossignol",B,Keep - 1/16,
2005,Vosne-Romanée 1er Cru Les Suchots 2005 (Domaine J Confuron Côteditot),B,Keep - 1/16,
2009,Aloxe-Corton 1er Cru Les Fournières 2009 (Domaine Tollot-Beaut),B,Use now - 5/18.,
2009,"Beaune 1er Cru Les Bressandes 2009, Domaine des Croix",B,Keep or use - 5/18,
2009,Beaune Grèves 1er Cru 2009 (Domaine Tollot-Beaut),B,Keep - 5/18.,
2009,Chambolle-Musigny 2009 (Domaine Confuron-Cotetidot),B,Keep - 5/18.,
2009,"Gevrey-Chambertin 1er Cru Les Cazetiers 2009, (Domaine Faiveley)",B,Keep - 5/18,
2009,"Nuits-Saint-Georges Les Damodes 2009, (Domaine Faiveley)",B,Keep - 5/18,
2009,Nuits-St-Georges 1er Cru Clos des Forêts St-Georges 2009 (Domaine de l'Arlot),B,Keep - 5/18,
2009,Nuits-St-Georges 1er Cru Les Pruliers 2009 (Jean Grivot),B,Keep - 5/18,
Burgundy (White),,,,
1985,"Bâtard-Montrachet 1985, Grand Cru, J N Gagnard",A1,Special occasions - 7/04. Use - will not last forever - 6/16.,
1988,"Chevalier-Montrachet 1988, Côte de Beaune, Domaine Michel Niellon",A1,Keep - 4/96 Drink - 2/00. Use if needed - 6/16.,
1989,"Bâtard-Montrachet 1989, Côte de Beaune, Domaine Gagnard-Delagrange",A1,Keep 11/98(2nd Review)  Keep 11/00 Can be used - 6/05. Use - 6/16.,
1990,"Corton-Charlemagne 1990, Grand Cru (Bonneau du Martray)",A1,Keep 1st Review - 11/98. Can be used - 10/07. Use up - 6/16.,
1998,"Pouilly Fuissé Les Brûlés Château Fuissé 1998, JJ Vincent",B,Drink - 03/05. Use up - 5/09.  Use now - 6/16.,
1998,"Puligny-Montrachet 1er Cru Le Clavoillon 1998, Domaine Leflaive",A,Keep and review in 2005 - 5/02. Drink - 5/07. Use up - 5/09. Use up - 6/16.,
1999,Chassagne-Montrachet 1er Cru Les Chaumées 1999,A,Keep and use before 2007 - 5/02. Driknk or keep - 5/07. Use up by 2012 - 5/09. Use up - 6/11,
2000,"Corton-Charlemagne 2000, Grand Cru (Domaine Vincent Girardin)",B,Keep - 10/05. Keep - 5/07. Keep or release - 5/09. Use - 6/11. Use up - 6/16.,
2002,"Rully 1er Cru Margoté 2002, (Domaine Jacqueson)",C,Use up - 5/09. Use - 6/11. Use up - 6/16,
2004,"Chablis Grand Cru Les Clos 2004, (Domaine William Fèvre)",B,Keep and review - 10/08. Use - 2/11,
2004,Chassagne-Montrachet 1er Cru La Grande Montagne 2004 (Domaine Fontaine-Gagnard),B,Drink - 10/08. Can be kept - 6/11. Use - 6/16.,
2004,Chassagne-Montrachet 1er Cru Les Caillerets 2004 (Domaine Fontaine-Gagnard),B,Release in 2010 - 10/08. Use carefully - 6/11. Use - 6/16.,
2004,"Corton Charlemagne Grand Cru 2004, Maison Champy",B,Keep - 10/08. Use - 6/1. Use - 6/16.,
2004,Puligny-Montrachet 1er Cru Hameau de Blagny 2004 (Domaine Etienne Sauzet),B,Keep - 10/08. Keep - 6/11. Drink - 3/13. Use up now - 6/16.,
2004,"Puligny-Montrachet Champ Gain 2004, (Domaine Gagey), Louis Jadot",B,Release in 2010 - 10/08.  Use - 6/11. Use up to 2019 - 6/16.,
2005,"Corton-Charlemagne Grand Cru 2005, Domaine Bonneau de Martray",A,Keep - 5/09. Keep - 6/11. Can be kept 3-5 yrs - 11/14.  Use by 2020 - 6/16.,
2006,"Corton-Charlemagne Grand Cru 2006, Domaine Rapet",B,Keep - 10/12. Keep - 11/14. Use slowly - 6/16,
2006,"Meursault-Charmes 1er Cru 2006, Domaine Henri Germain et fils",B,Use - 10/12. Use - 11/14. Use - 6/16,
2006,"Puligny-Montrachet 1er Cru Les Folatières 2006, Louis Jadot",B,Keep - 12/11. Keep - 10/12. Release and use - 3/14.,
2006,"Puligny-Montrachet 1er Cru Les Referts 2006, Remoissenet Père et fils",B,Use or keep - 10/12. Use - 11/14. Use - 6/16,
2006,Puligny-Montrachet Château de Puligny-Montrachet 2006,B,Use - 10/12. Drink now - 11/14. Use up - 6/16,
2007,Chassagne-Montrachet 1er Cru Morgeot Les Fairendes 2007 (Jean-Marc Pillot),B,Use - 11/14. Use - 6/16,
2007,"Chassagne-Montrachet 1er Cru Morgeot Vigne Blanche 2007, Château de la Maltroye",B,Can be used - 10/12. Use - 11/14. Use - 6/16.,
2007,Meursault 1er Cru Santenots 2007 (Domaine Marquis d'Angerville),A,Keep - 10/12. Can be used - 11/14. Dispose - 6/16,
2007,"Monthélie Blanc 2007, Château de Puligny-Montrachet",B,Use - 10/12. Use up - 11/14. Use up quickly - 6/16,
2007,"Pouilly-Fuissé Les Vieilles Vignes 2007, Château de Fuissé",B,Can be used - 10/12. Use up - 11/14. Use - 6/16,
2007,Puligny-Montrachet 1er Cru La Clavoillon 2007 (Domaine Leflaive),A,Keep - 10/12. Keep and review - 11/14. Dispose - 6/16,
2008,"Chablis 1er Cru Vaillon 2008, Cuvée Guy Moreau (Domaine Christian Moreau Père et fils)",B,Can be used - 10/12. Use - 11/14,
2008,Corton-Charlemagne 2008 Grand Cru (Bonneau du Martray),B,Keep - 10/12. Keep - 11/14. Use - 6/16,
2008,Meursault 1er Cru En Luraule 2008 (Joseph Drouhin),C,Use or keep - 10/12. Use - 11/14. Use up - 6/16,
2008,Puligny-Montrachet Clos de la Garenne 2008 (Domaine du Duc de Magenta) Louis Jadot,B,Drink or keep - 10/12. Can be used - 11/14. Use up - 6/16,
2013,"Meursault 1er Cru Les Charmes 2013, Louis Jadot",B,Keep.  Use from 2018 - 6/16.,
2014,"Bourgogne Blanc ""La Tufera"" 2014 (Domaine Etienne Sauzet)",B,,
2014,Chablis 1er Cru Côte de Léchet 2014 (Domaine des Malandes Marchives),B,,
2014,Chablis 1er Cru Vaillons 2014 (Domaine Moreau-Naudet),B,,
2014,Chassagne-Montrachet 1er Cru Les Champs Gains 2014 (Domaine Michel Niellon),B,,
2014,Chassagne-Montrachet 1er Cru Macherelles 2014 (Domaine François Carillon),B,,
2014,"Chassagne-Montrachet 1er Cru Morgeot 2014, Domaine de Duc de Magenta, Clos de la Chappelle (Louis Jadot)",B,,
2014,Meursault 1er Cru Porusots 2014 (Château de Puligny-Montrachet),B,,
2014,Puligny-Montrachet 1er Cru La Garenne 2014 (Domaine Faiveley),B,,
Champagne (Vintage),,,,
1964,"Krug 1964, Brut,, Magnums, Reims",A1,"Drink slowly, - 2/82",
1982,"Krug 1982, Magnums, Reims",A,Keep until needed - to follow 1964 01/11/90.  Keep - 11/01.,
1985,Pol Roger Cuvée Sir Winston Churchill 1985,A1,Drink - 11/03,
1986,"Louis Roederer 1986, Magnums, Reims",A,Keep until needed 1/93,
1990,Louis Roederer Brut 1990,A,,
1995,Taittinger Comtes de Champagne Blanc de Blancs Brut 1995,A,,
1996,Gosset Grand Millésime Brut 1996,A,,
1996,Louis Roederer Brut 1996,A,,
1996,Louis Roederer Cristal 1996,A,Use or sell - 5/17,
1996,Taittinger Brut Millesime 1996,B,,
1997,Alfred Gratien Brut Millésime 1997,B,,
1998,Pol Roger Brut 1998,B,Drink - 3/12,
1998,Taittinger Comtes de Champagne Blanc de Blancs 1998,A,Can be used - 03/15,
2000,Louis Roederer Brut 2000,A,Keep or use - 7/10,
2002,J Lassalle Blanc de Blancs 2002,B,Use - 2/17,
2002,Legras Présidence Vieilles Vignes Grand Cru Brut 2002,B,,
2002,Veuve Clicquot Reserve Brut 2002,B,,
Champagne (Non Vintage),,,,
N/A,Berrys UKC Champagne Grand Cru (Mailly) NV,B,,
N/A,Bollinger Special Cuvee,B,,
N/A,Louis Roederer Brut Premier NV,B,,
N/A,Louis Roederer Carte Blanche NV,B,,
N/A,Pol Roger Brut Reserve,A,,
Sauternes/Barsac,,,,
1967,"Château Suduiraut 1967, 1er Cru Classé, Sauternes",A,Drink - 7/81,
1990,"Château Sigalas-Rabaud 1990, Ier Cru Classé, Sauternes",A,,
1997,"Château La Tour Blanche 1997, 1er Cru Classé, Sauternes",A,,
1997,"Château Lafaurie Peyraguey 1997, 1er Cru Sauternes",A,Use - 5/08,
1997,"Château Rieussec 1997, 1er Cru Sauternes",A,,
2001,"Château Doisy-Daëne 2001, 2ème Cru, Barsac",B,,
2001,Château La Tour Blanche 2001 Half Bottles,B,,
2001,"Château Lafaurie Peyraguey 2001, 1er Cru Sauternes",B,,
2001,"Château Suduiraut 2001, 1er Cru, Sauternes",A,,
2007,"Château Doisy Védrines 2007 (Halves), 2ème Cru Classé Barsac",B,,
2007,"Château Rieussec 2007, 1er Cru Classé, Sauternes",B,,
2008,Klein Constantia Vin de Constance 2008,B,Use - 2/18,
2009,"Château Rieussec 2009, 1er Cru Classé, Sauternes",B,,
2009,"Château Suduiraut 2009, 1er Cru Classé, Sauternes",B,,
2010,"Château Coutet 2010 (Halves), 1er Cru Classé, Sauternes",B,,
2010,"Château Rieussec 2010 (Halves), 1er Cru Classé Sauternes",B,,
Loire,,,,
2002,Pouilly Fumé Château de Tracy 2002,C,Use - 10/08,
2006,Pouilly Fumé Les Cornets 2006 (Domaine Alain Cailbourdin),B,,
2006,Sancerre 2006 (Domaine Tissier),B,Use - 5/10,
2010,Sancerre Domaine Vacheron 2010,B,,
2010,"Sancerre Nuance 2010, Vincent Pinard",B,Use - 5/17,
2010,"Vouvray Le Mont Sec 2010, Domaine Huet",B,,
2014,Sancerre Le Chêne 2014 (Lucien Crochet),B,,
2015,"Pouilly-Fumé 2015, Domaine Thibault (André Dezat et fils)",B,,
2015,"Sancerre 2015, Cuvée Silex (Domaine Serge Laloue)",B,,
English & Welsh,,,,
2004,Chapel Down Bacchus Lamberhurst Estate Reserve 2004,C,,
2009,Chapel Down Pinot Blanc 2009,C,,
2009,Three Choirs Willow Brook 2009,C,,
2010,Camel Valley Atlantic Dry 2010,C,,
2010,Chapel Down Chardonnay 2010,C,Use - 5/18,
2010,Furleigh Estate Bacchus Fumé 2010,C,,
Alsace,,,,
2001,"Gewürztraminer Cuvée Théo 2001, Domaine Weinbach (Colette Faller et filles)",B,Use - 2/10,
2001,"Riesling Grand Cru Wineck-Schlossberg 2001, Domaine Meyer-Fonné",B,,
2001,"Tokay Pinot Gris Réserve Particulière 2001, Domaine Meyer-Fonné",B,Drink - 2/08,
2007,Domaine Marcel Deiss Riesling 2007,B,Use - 3/14,
2007,Pinot Gris Les Eléments 2007 (Domaine Bott-Geyl),B,,
2007,Riesling Grand Cru Kirchberg 2007 (Domaine Jean Sipp),B,Use - 10/12,
2008,Pinot Gris 2008 (Domaine Rolly Gassmann),B,Can be used - 11/17,
2008,Riesling Grand Cru Saering 2008 (Domaines Schlumberger),B,,
2010,"Gewürztraminer ""Les Princes Abbés"" 2010 (Domaines Schlumberger)",B,Ready - 3/15,
Mosel,,,,
2001,Bernkasteler Badstube Riesling Kabinett 2001 (Dr Thanisch),B,Can be used - 2/07,
2001,"Graacher Himmelreich Riesling Spätlese 2001, JJ Prüm",B,No rush - can be used - 5/08,
2001,"Scharzhofberger Riesling Spätlese 2001, von Hövel",B,Use - 2/11,
2001,"Wehlener Sonnenuhr Riesling Spätlese 2001, JJ Prüm",B,Use or keep - 10/08,
2007,"Bernkasteler Badstube Riesling Kabinett 2007, (JJ Prüm)",B,,
2007,Maximin Grünhäuser Abtsberg Riesling Kabinett 2007 (Von Schubert),B,Keep - 6/16,
2007,Maximin Grünhäuser Abtsberg Riesling Spätlese 2007 (Von Schubert),B,,
2007,Serriger Herrenberg Riesling Spätlese Feinherb 2007 (Weingut Dr Siemens),B,,
2007,Wehlener Sonnenuhr Riesling Spätlese 2007 (JJ Prüm),B,"Can be used, no rush - 11/14",
2010,Wehlener Sonnenuhr Riesling Spätlese 2010 (JJ Prüm),B,,
Rhein,,,,
2001,Forster Jesuitengarten Riesling Kabinett 2001,B,Can be used - 10/05,
2001,Schloss Johannisberger Riesling Spätlese Grünlack 2001,B,Use - 12/09,
2011,"Roxheimer Höllenpfad Riesling Trocken 2011, Weingut Hermann Dönnhoff, Nahe",B,,
Austrian,,,,
2011,"Loibner Steinertal Riesling Smaragd 2011, F X Pichler",B,Can be used - 7/15,
2011,"Steiner Riesling Ried Pfaffenberg Selection 2011 Trocken, Weingut Knoll",B,,
Italian (Red),,,,
1994,"Masseto 1994, Bolgheri (Ornellaia)",B,Keep for 5 yrs - 7/01,
1995,Barolo Claudio Alario 1995,B,Keep 7/01,
1996,"Chianti Classico Riserva, Fonterutoli 1996",B,Drink if needed (but by 2004) 7/01.,
1997,"Avvoltore 1997, Maremme Tuscana",B,Drink 7/01,
1999,Allegrini La Poja 1999,A,,
1999,Brunello di Montalcino Riserva Talenti 1999,B,Keep - 3/09,
1999,"Gavi di Gavi, La Chiara 1999",U,,
2000,"Paleo Le Macchiole 2000, Bolgheri",B,Use - 3/13,
2001,"Flaccianello della Pieve 2001, Fontodi",B,Can be used - 3/13,
2001,Sassicaia Tenuta San Guido 2001,B,Keep - 3/09. Can be use - 3/13,
Spanish,,,,
1991,Pesquera Reserva 1991,B,Drink 7/01,
1999,Bodegas Vega Sicilia Valbuena 1999,A,Keep or use on appropriate occasions - 3/09,
2000,"Bodegas Alión, Ribera del Duero 2000",B,Keep - 2/10,
2000,"Muga Rioja Reserva 2000, Seleccion Especial",B,Drink - 2/10,
2001,"Calvario Rioja 2001, Finca Allende",B,Keep - 2/10,
South African,,,,
2002,"Mont du Toit 2002, Wellington, Western Cape",B,Keep or use - 7/10. Use - 2/18,
2003,"Hamilton Russell Pinot Noir 2003, Walker Bay",B,Keep - 7/10 ,
2003,"Rustenberg Peter Barlow Cabernet Sauvignon 2003, Stellenbosch",B,Keep - 7/10. Use - 2/18,
2008,"Hamilton Russell Chardonnay 2008, Walker Bay",B,Use - 11/13. Use up or dispose - 2/18.,
2012,"Meerlust Chardonnay 2012, Stellenbosch",B,Use - 2/18,
2012,"Rustenberg Five Soldiers Chardonnay 2012, Stellenbosch",B,Use - 2/18.,
2014,"Hamilton Russell Vineyard Chardonnay 2014, Hemel-en-Aarde",B,Can be used - 2/18.,
Australian,,,,
1995,"Lindemans ""Pyrus"" Cabernet Sauvignon 1995",B,Keep 7/01. Use - 2/08.  Use - 2/18.,
1997,"Mitchells Peppertree Shiraz, Clare Valley 1997",C,Drink 7/01,
1999,"Eileen Hardy Shiraz 1999, McLaren Vale",B,Use - 3/15. Use - 2/18.,
2002,"D'Arenberg The Coppermine Road Cabernet Sauvignon 2002, McLaren Vale",B,Can be used - 2/18.,
2002,"Katnook Estate Prodigy Shiraz 2002, Coonawarra",B,Can be used - 3/15. Use - 2/18,
2002,Warner Vineyard Giaconda Shiraz 2002,B,Can be used - 3/15. Use - 2/18,
2008,"Moss Wood Chardonnay 2008, Margaret River",B,Use - 11/17. Use - 2/18.,
2012,"Beginning Chardonnay 2012, The Lane Vineyard, Adelaide Hills",B,Use up - 11/17.,
2013,"Pierro Chardonnay 2013, Margaret River, Western Australia",B,Use - 11/17.,
Californian (Red),,,,
1995,Mondavi Napa Valley Cabernet Sauvignon 1995,B,Drink 7/01.,
1996,"Ridge Zinfandel, Geyserville 1996",B,Keep 7/01. Use - 2/08,
1996,Staglin Cabernet Sauvignon 1996,A,Keep 7/01. Keep or use if needed - 2/08.,
1997,"Newton Vineyard 1997 Merlot, Special Cuvee, Napa Valley",B,Drink 7/01.,
2000,Dominus 2000 Napanook (Christian Moueix),B,Use or keep - 2/11,
2000,Ridge Monte Bello 2000,A,Keep or use - 2/11,
New Zealand,,,,
2002,"Craggy Range Le Sol Syrah 2002, Hawkes Bay",B,Use - 2/18,
2002,"Felton Road Chardonnay 2002, Central Otago",B,Drink up - 7/07,
2004,"Dry River Pinot Noir 2004, Martinborough",B,Use - 2/18,
2006,Fromm Clayvin Vineyard Chardonnay 2006 Marlborough,B,,
2008,"Felton Road Chardonnay 2008, Central Otago",B,Use - 11/17.,
2011,"Dog Point Vineyard Chardonnay 2011, Marlborough",B,Use - 11/17.,
2013,"Dry River Chardonnay 2013, Martinborough",B,Keep or use as needed - 2/17. Use - 2/18.,
Argentina,,,,
2003,"Prodigo Malbec Reserva 2003, Alessandro Speri, Mendoza",B,,
Chile,,,,
2001,Le Dix de Los Vascos 2001 (Domaine Barons de Rothschild) Colchagua,B,,
Reception Wines (Red),,,,
2016,Valpolicella Allegrini 2016,C,,
Port,,,,
1931,"Quinta do Noval, 1931",A1,Drink on very special occasions only.,
1935,Graham 1935,A,Keep but can use for special occasions - 1/82 Use up slowly - 7/02,
1945,Graham 1945,A1,Keep but can use for special occasions - 1/82,
1945,"Quinta do Noval, 1945",A1,Keep but can use for special occasions - 1/82,
1945,Warre 1945,A1,Keep but can use for special occasions - 1/82,
1948,Fonseca 1948,A1,Drink for special occasions - see note 7/99,
1955,Taylor 1955,A1,Keep but can use for special occasions,
1977,Fonseca 1977,A1,Keep - 5/95 (4th review) Drink - 11/00 (5th  review),
1977,Quarles Harris 1977,B,Release in 1998 (4th review). Drink - 7/01 (5th Review),
1977,Taylor 1977,A,Keep - 5/95 (4th review) Keep - 2/00 (5th review). Use or keep - 6/11.,
1977,Warre 1977,A,Drink - 1/98. Drink - 6/05,
1982,Warres Quinta do Cavadinha 1982,A,"Drink as needed - 11/92 Keep - 11/96. Keep - 11/00, review in 2005. Release and drink -10/05",
1983,Dow 1983,B,Drink - 5/97,
1983,Fonseca 1983,B,Keep - 12/90 (1st review).  Release in 1997 (5/95) (2nd review) Drink - 2/01,
1983,Graham 1983,A,Keep - 12/90 (1st review) Keep - 5/95 (2nd review) Keep - 11/00 (3rd review) Use - 12/11 (4th review),
1983,Taylor 1983,A,Drink - 5/95.  Drink - 11/00. Keep using - 5/18.,
1983,Warre 1983,B,Keep - 12/90 (1st review) Keep - 5/95 (2nd review) Keep - 11/00 (3rd review). Can be used - 5/04. Use - 3/14.,
1985,Churchill 1985,B,Keep -11/00. 2nd Review.  Can be used - 12/09,
1985,Cockburn 1985,B,Keep - 2/92 (1st review) Can be drunk - 11/00 (2nd review). Cna be used - 7/15,
1985,Croft 1985,B,Keep - 2/92 (1st review) Not a keeper - 11/00 (2nd review). Can be used - 8/09. Use - 6/16,
1985,Fonseca 1985,A1,Keep - 2/92 (1st review) Keep - 11/00 (2nd Review). Drink - 3/06. Can be drunk - 11/14.,
1985,Graham 1985,B,Keep - - 2/92 (1st review)Keep 11/98(2nd review) Keep - 2/03 (3rd review). Can be used - 3/12 (4th review).,
1985,Taylor 1985,A,Keep - 2/92 (1st revew) Keep - 2/02 (3rd review). Can be used if needed - 2/17.,
1985,Warre 1985,A,"Keep - 2/92 (1st review Keep - 5/98(2nd review) Keep and review in 2005 - 11/00 (3rd review). Keep, no hurry - 3/09. Release - 1/16",
1994,Fonseca 1994,B,Keep - 2/08 [1st review],
1994,Graham 1994,B,"Keep - 3/13. Keep, no rush - 11/17.",
1994,Quarles Harris 1994,B,Can be used - 3/15,
1994,Taylor 1994,B,"Can be used as needed, but no rush - 11/13",
1994,Warre 1994,B,,
1996,Quinta do Vesuvio 1996,B,Use - 2/10,
2000,Croft 2000,B,Keep - no hurry - 5/17.,
2000,Dow's 2000,B,,
2000,Fonseca 2000,A,Keep - 7/14,
2000,Taylor 2000,B,,
Sparkling Wines,,,,
N/A,Nyetimber Demi Sec NV,C,,
2001,Chapel Down Pinot Reserve 2001,B,,
2007,Nyetimber Classic Cuvée 2007,C,,
2008,Breaky Bottom Cuvée Princess Colonna Reserve 2008,C,,
2008,Camel Valley Pinot Noir 2008 Brut,C,,
2009,"Coates & Seely Blanc de Blancs ""La Perfide"" 2009",C,,
2009,Ridgeview Grosvenor 2009 Brut,C,,
2010,Ancre Hill Estates 2010 Blanc de Noirs Brut,C,,
2010,Breaky Bottom Cuvée Koizumi Yakumo 2010,C,,
2010,Camel Valley Pinot Noir Rosé Brut 2010,B,,
2010,Furleigh Estate Sparkling Rosé 2010,C,,
2010,Nyetimber Classic Cuvée 2010,C,,
2013,Camel Valley Pinot Noir Rosé Brut 2013,C,,
2013,Ridgeview Merret Bloomsbury 2013,B,,
Brandy (Vintage-Cognac),,,,
1878,"Grands Fins Bois 1878 Cognac, Charente, Berry Bros",A,Drink very sparingly,
1906,"Hine 1906, Cognac Grand Fine Champagne District, D Sandeman",A,Drink very sparingly,
1912,"Hennessy 1912, Fine Liqueur Cognac, Grande Champagne District, Hennessy",A,Drink sparingly,
1913,"Martell 1913, Fine Liqueur Cognac, Grande Champagne District, D Sandeman",A,Drink very springly,
1921,"Martell 1921, Cognac Grande Champagne District, J Harvey",A,Drink very sparingly,
1922,"Hine 1922, Cognac Grande Champagne District",A,Drink very sparingly,
1924,"Hine 1924, Cognac Grande Champagne District, Army & Navy",A,Drink very sparingly. Drink - 6/05. Drink - 7/14. Can be used - 5/18.,
1934,Christopher's Grande Fine Champagne Cognac 1934,A,Drink very sparingly,
1948,Frapin Grande Champagne Cognac 1948,A,Drink very sparingly. Confirmed - 2/10,
1960,"Hine Grande Champagne Cognac 1960, landed 1962, bottled 1986",A,Drink very sparingly.  Drink if required - 5/17,
Brandy (NV Cognac),,,,
N/A,"Delamain Pale and Dry Grande Champagne Cognac, Grande Champagne",B,Drink (2),
N/A,FLB Grande Champagne Cognac NV,B,,
N/A,Frapin FLB Grande Champagne Cognac,B,,
N/A,"Harvey's Fine Champagne Cognac, Grande Champagne District",B,"Drink - for ""unnamed"" occasions only (4)",
N/A,Hine Vieille fine Champagne Cognac,B,Drink (1),
1995,Somerset 10 Year Old Cider Brandy,C,Use - 10/05,
Brandy (Armagnac),,,,
N/A,"Armagnac Chateau de Laubade, Hors d'Age",B,Drink (1),
N/A,"Marquis de Puysegur VSOP Armagnac, Gers District",B,Drink (2). Use - 11/17.,
Liqueurs,,,,
N/A,Chartreuse Green,,N/A,
N/A,Cointreau,,N/A,
N/A,Creme de Menthe,,N/A,
N/A,Drambuie,,N/A,
N/A,Grand Marnier,,N/A,
Spirits and Aperitifs,,,,
N/A,Abelha Silver Cachaca,C,,
N/A,Bourbon,,N/A,
N/A,Campari,,N/A,
N/A,Dewasakura Oka Sake Junmai-Ginso,B,,
N/A,Dubonnet,,N/A,
N/A,Martini Dry,,N/A,
N/A,Pimm's No 1,,,
N/A,Vodka,,N/A,
Malt Whisky,,,,
N/A,Caol Ila 18 Year Old Single Malt,,,
N/A,Dalwhinnie 15 Year Old Single Malt,,Use - 5/08,
Whisky (Various),,,,
Scotch Whisky Blends,,N/A,,
Californian (White),,,,
2012,"Ramey Russian River Valley Chardonnay 2012, Sonoma County",B,,
